"HospitalCode","HospitalName","AddressLine1","AddressLine2","AddressLine2QF","AddressLine3","AddressLine3QF","AddressLine4","AddressLine4QF","Postcode","HealthBoard","HSCP","CouncilArea","IntermediateZone","DataZone","NAME","TOTPOP2011","RESPOP2011","HHCNT2011","STDAREAHA","STDAREAKM2","POPULATION","Month","Country","HBT","DepartmentType","NumberOfAttendancesAll","NumberWithin4HoursAll","NumberOver4HoursAll","NumberOfAttendancesEpisode","NumberWithin4HoursEpisode","NumberWithin4HoursEpisodeQF","NumberOver4HoursEpisode","NumberOver8HoursEpisode","NumberOver12HoursEpisode"
"G106H","Glasgow Dental Hospital and School","378 Sauchiehall Street","Glasgow","","","z","","z","G2  3JZ","S08000031","S37000034","S12000049","S02001933","S01010267","City Centre West",4453,4208,2436,73.445504,0.734454,5676,NA,NA,NA,NA,NA,NA,NA,NA,NA,NA,NA,NA,NA
"G107H","Glasgow Royal Infirmary","84 Castle Street","Glasgow","","","z","","z","G4  0SF","S08000031","S37000034","S12000049","S02001932","S01010262","City Centre East",9139,5800,3766,166.148851,1.661492,10486,201112,"S92000003","S08000031","Type 1",7085,6839,246,7085,6839,"",246,8,0
"G108H","The Princess Royal Maternity Unit","16 Alexandra Parade","Glasgow","","","z","","z","G31 2ER","S08000031","S37000034","S12000049","S02001932","S01010262","City Centre East",9139,5800,3766,166.148851,1.661492,10486,NA,NA,NA,NA,NA,NA,NA,NA,NA,NA,NA,NA,NA
"G109H","Lightburn Hospital","966 Carntyne Road","Glasgow","","","z","","z","G32 6NB","S08000031","S37000034","S12000049","S02001914","S01010159","Cranhill, Lightburn and Queenslie South",6265,6126,2810,134.637811,1.346375,6554,NA,NA,NA,NA,NA,NA,NA,NA,NA,NA,NA,NA,NA
"G112H","Parkview Resource Centre","152 Wellshot Road","Glasgow","","","z","","z","G32 7AX","S08000031","S37000034","S12000049","S02001911","S01010144","Tollcross",3554,3554,1854,42.128473,0.421282,4052,NA,NA,NA,NA,NA,NA,NA,NA,NA,NA,NA,NA,NA
"G113H","Auchinlea Resource Centre","Auchinlea House","Auchinlea Road","","Glasgow","","","z","G34 9HQ","S08000031","S37000034","S12000049","S02001906","S01010114","Garthamlock, Auchinlea and Gartloch",3633,3633,1498,583.160592,5.831604,4631,NA,NA,NA,NA,NA,NA,NA,NA,NA,NA,NA,NA,NA
"G207H","Stobhill Hospital","133 Balornock Road","Glasgow","","","z","","z","G21 3UW","S08000031","S37000034","S12000049","S02001922","S01010209","Springburn",4716,4577,2371,167.465085,1.674651,4539,201112,"S92000003","S08000031","Type 3",1034,1033,1,1034,1033,"",1,0,0
"G212H","Shawpark Resource Centre","41 Shawpark Street","Glasgow","","","z","","z","G20 9DR","S08000031","S37000034","S12000049","S02001949","S01010359","Wyndford",3619,3619,2261,48.475596,0.484755,4306,NA,NA,NA,NA,NA,NA,NA,NA,NA,NA,NA,NA,NA
"G214H","Springpark Resource Centre/Day Hosp","101 Denmark Street","Glasgow","","","z","","z","G22 5EU","S08000031","S37000034","S12000049","S02001924","S01010224","Cowlairs and Port Dundas",3609,3477,1904,213.117754,2.131177,4026,NA,NA,NA,NA,NA,NA,NA,NA,NA,NA,NA,NA,NA
"G302H","Leverndale Hospital","510 Crookston Road","Glasgow","","","z","","z","G53 7TU","S08000031","S37000034","S12000049","S02001849","S01009804","Pollok North and East",6145,5999,2515,197.646011,1.976461,5869,NA,NA,NA,NA,NA,NA,NA,NA,NA,NA,NA,NA,NA
"G306H","New Victoria Hospital","55 Grange Road","Glasgow","","","z","","z","G42 9LF","S08000031","S37000034","S12000049","S02001867","S01009904","Battlefield",4990,4974,2642,113.880488,1.138806,5074,201112,"S92000003","S08000031","Type 1",4977,4684,293,4977,4684,"",293,7,0
"G306H","New Victoria Hospital","55 Grange Road","Glasgow","","","z","","z","G42 9LF","S08000031","S37000034","S12000049","S02001867","S01009904","Battlefield",4990,4974,2642,113.880488,1.138806,5074,201112,"S92000003","S08000031","Type 3",1340,1340,0,1340,1340,"",0,0,0
"G405H","Queen Elizabeth University Hospital","1345 Govan Road","Glasgow","","","z","","z","G51 4TF","S08000031","S37000034","S12000049","S02001855","S01009833","Drumoyne and Shieldhall",6268,6191,3173,328.281176,3.282811,6241,201112,"S92000003","S08000031","Type 1",3762,3534,228,3762,3534,"",228,8,0
"G408H","Florence Street Mental Health Resource Centre","26 Florence Street","Glasgow","","","z","","z","G5  0YX","S08000031","S37000034","S12000049","S02001889","S01010025","Gorbals and Hutchesontown",5824,5794,3288,82.427614,0.824274,6201,NA,NA,NA,NA,NA,NA,NA,NA,NA,NA,NA,NA,NA
"G410H","Shawmill Resource Centre","35 Well Green","Glasgow","","","z","","z","G43 1RR","S08000031","S37000034","S12000049","S02001873","S01009935","Pollokshaws",4487,4473,2589,383.451201,3.834513,4462,NA,NA,NA,NA,NA,NA,NA,NA,NA,NA,NA,NA,NA
"G504H","Gartnavel General Hospital (Admin Purposes)","1053 Great Western Road","Glasgow","","","z","","z","G12 0YN","S08000031","S37000034","S12000049","S02001958","S01010412","Kelvinside and Jordanhill",5577,5491,2391,181.26453,1.812647,5717,NA,NA,NA,NA,NA,NA,NA,NA,NA,NA,NA,NA,NA
"G505H","Gartnavel Royal Hospital","1055 Great Western Road","Glasgow","","","z","","z","G12 0XH","S08000031","S37000034","S12000049","S02001958","S01010412","Kelvinside and Jordanhill",5577,5491,2391,181.26453,1.812647,5717,NA,NA,NA,NA,NA,NA,NA,NA,NA,NA,NA,NA,NA
"G507H","Centre for Integrative Care","1053 Great Western Road","Glasgow","","","z","","z","G12 0YN","S08000031","S37000034","S12000049","S02001958","S01010412","Kelvinside and Jordanhill",5577,5491,2391,181.26453,1.812647,5717,NA,NA,NA,NA,NA,NA,NA,NA,NA,NA,NA,NA,NA
"G513H","Royal Hospital for Children","1345 Govan Road","Glasgow","","","z","","z","G51 4TF","S08000031","S37000034","S12000049","S02001855","S01009833","Drumoyne and Shieldhall",6268,6191,3173,328.281176,3.282811,6241,201112,"S92000003","S08000031","Type 1",3991,3843,148,3991,3843,"",148,3,0
"G516H","West Glasgow","1053 Great Western Road","Glasgow","","","z","","z","G12 0YN","S08000031","S37000034","S12000049","S02001958","S01010412","Kelvinside and Jordanhill",5577,5491,2391,181.26453,1.812647,5717,201112,"S92000003","S08000031","Type 1",4884,4458,426,4884,4458,"",426,23,0
"G517H","Beatson West of Scotland Cancer Centre","1053 Great Western Road","Glasgow","","","z","","z","G12 0YN","S08000031","S37000034","S12000049","S02001958","S01010412","Kelvinside and Jordanhill",5577,5491,2391,181.26453,1.812647,5717,NA,NA,NA,NA,NA,NA,NA,NA,NA,NA,NA,NA,NA
"G598H","Arran Resource Centre","121 Orr Street","Bridgeton","","Glasgow","","","z","G40 2BJ","S08000031","S37000034","S12000049","S02001894","S01010055","Parkhead West and Barrowfield",5709,5492,2827,219.608018,2.196081,7465,NA,NA,NA,NA,NA,NA,NA,NA,NA,NA,NA,NA,NA
"G599H","Riverside Resource Centre","547 Dumbarton Road","Glasgow","","","z","","z","G11 6HU","S08000031","S37000034","S12000049","S02001954","S01010388","Glasgow Harbour and Partick South",4602,4594,2925,49.34278,0.493427,5311,NA,NA,NA,NA,NA,NA,NA,NA,NA,NA,NA,NA,NA
"G600H","Festival Business Park","150 Brand Street","Glasgow","","","z","","z","G51 1DH","S08000031","S37000034","S12000049","S02001860","S01009862","Ibrox East and Cessnock",2948,2839,1630,81.420078,0.814199,3322,NA,NA,NA,NA,NA,NA,NA,NA,NA,NA,NA,NA,NA
"G603H","Arndale Resource Centre","80/90 Kinfauns Drive","Glasgow","","","z","","z","G15 7TS","S08000031","S37000034","S12000049","S02001976","S01010499","Drumry East",3287,3204,1481,128.710931,1.28711,3317,NA,NA,NA,NA,NA,NA,NA,NA,NA,NA,NA,NA,NA
"G611H","Netherton","19 Blackwood Street","Glasgow","","","z","","z","G13 1AL","S08000031","S37000034","S12000049","S02001971","S01010472","Anniesland West",5995,5890,3097,129.898932,1.298991,6681,NA,NA,NA,NA,NA,NA,NA,NA,NA,NA,NA,NA,NA
"G612H","Rowanbank Clinic","Balornock Road","Glasgow","","","z","","z","G21 3UL","S08000031","S37000034","S12000049","S02001919","S01010198","Balornock",3585,3458,1408,117.648359,1.176483,3439,NA,NA,NA,NA,NA,NA,NA,NA,NA,NA,NA,NA,NA
"G613H","Skye House","133 Balornock Road","Glasgow","","","z","","z","G21 3UZ","S08000031","S37000034","S12000049","S02001922","S01010209","Springburn",4716,4577,2371,167.465085,1.674651,4539,NA,NA,NA,NA,NA,NA,NA,NA,NA,NA,NA,NA,NA
NA,NA,NA,NA,NA,NA,NA,NA,NA,NA,NA,NA,NA,"S02001842",NA,"Darnley East",5033,4970,2123,100.699216,1.006994,5104,NA,NA,NA,NA,NA,NA,NA,NA,NA,NA,NA,NA,NA
NA,NA,NA,NA,NA,NA,NA,NA,NA,NA,NA,NA,NA,"S02001843",NA,"Darnley North",2813,2716,1131,358.577995,3.585779,3542,NA,NA,NA,NA,NA,NA,NA,NA,NA,NA,NA,NA,NA
NA,NA,NA,NA,NA,NA,NA,NA,NA,NA,NA,NA,NA,"S02001844",NA,"Darnley West",4741,4642,1680,123.275588,1.232757,5461,NA,NA,NA,NA,NA,NA,NA,NA,NA,NA,NA,NA,NA
NA,NA,NA,NA,NA,NA,NA,NA,NA,NA,NA,NA,NA,"S02001845",NA,"Nitshill",5836,5764,2590,196.969413,1.969695,6330,NA,NA,NA,NA,NA,NA,NA,NA,NA,NA,NA,NA,NA
NA,NA,NA,NA,NA,NA,NA,NA,NA,NA,NA,NA,NA,"S02001846",NA,"Crookston South",3387,3342,1439,83.574894,0.83575,3380,NA,NA,NA,NA,NA,NA,NA,NA,NA,NA,NA,NA,NA
NA,NA,NA,NA,NA,NA,NA,NA,NA,NA,NA,NA,NA,"S02001853",NA,"Penilee",5309,5261,2300,88.266227,0.882666,5279,NA,NA,NA,NA,NA,NA,NA,NA,NA,NA,NA,NA,NA
NA,NA,NA,NA,NA,NA,NA,NA,NA,NA,NA,NA,NA,"S02001854",NA,"Hillington",3519,3519,1628,54.671807,0.54672,3377,NA,NA,NA,NA,NA,NA,NA,NA,NA,NA,NA,NA,NA
NA,NA,NA,NA,NA,NA,NA,NA,NA,NA,NA,NA,NA,"S02001856",NA,"Govan and Linthouse",4899,4822,2687,162.864953,1.628651,6065,NA,NA,NA,NA,NA,NA,NA,NA,NA,NA,NA,NA,NA
NA,NA,NA,NA,NA,NA,NA,NA,NA,NA,NA,NA,NA,"S02001857",NA,"Craigton",3303,3303,1770,100.520734,1.00521,3516,NA,NA,NA,NA,NA,NA,NA,NA,NA,NA,NA,NA,NA
NA,NA,NA,NA,NA,NA,NA,NA,NA,NA,NA,NA,NA,"S02001858",NA,"Mosspark",5240,5231,2337,211.483232,2.114831,5126,NA,NA,NA,NA,NA,NA,NA,NA,NA,NA,NA,NA,NA
NA,NA,NA,NA,NA,NA,NA,NA,NA,NA,NA,NA,NA,"S02001859",NA,"Ibrox",3061,2982,1607,92.009096,0.920091,3640,NA,NA,NA,NA,NA,NA,NA,NA,NA,NA,NA,NA,NA
NA,NA,NA,NA,NA,NA,NA,NA,NA,NA,NA,NA,NA,"S02001861",NA,"Kinning Park and Festival Park",3742,3649,1901,57.217833,0.57218,4448,NA,NA,NA,NA,NA,NA,NA,NA,NA,NA,NA,NA,NA
NA,NA,NA,NA,NA,NA,NA,NA,NA,NA,NA,NA,NA,"S02001862",NA,"Kingston West and Dumbreck",3669,3665,1894,149.116171,1.49116,3637,NA,NA,NA,NA,NA,NA,NA,NA,NA,NA,NA,NA,NA
NA,NA,NA,NA,NA,NA,NA,NA,NA,NA,NA,NA,NA,"S02001863",NA,"Pollokshields West",4744,4697,1831,103.501576,1.035018,4662,NA,NA,NA,NA,NA,NA,NA,NA,NA,NA,NA,NA,NA
NA,NA,NA,NA,NA,NA,NA,NA,NA,NA,NA,NA,NA,"S02001864",NA,"Pollokshields East",4968,4939,1916,54.654881,0.546548,5037,NA,NA,NA,NA,NA,NA,NA,NA,NA,NA,NA,NA,NA
NA,NA,NA,NA,NA,NA,NA,NA,NA,NA,NA,NA,NA,"S02001865",NA,"Govanhill West",5429,5386,2736,30.929073,0.309291,5793,NA,NA,NA,NA,NA,NA,NA,NA,NA,NA,NA,NA,NA
NA,NA,NA,NA,NA,NA,NA,NA,NA,NA,NA,NA,NA,"S02001866",NA,"Govanhill East and Aikenhead",4081,4050,2110,54.800946,0.548011,4519,NA,NA,NA,NA,NA,NA,NA,NA,NA,NA,NA,NA,NA
NA,NA,NA,NA,NA,NA,NA,NA,NA,NA,NA,NA,NA,"S02001847",NA,"Crookston North",3022,3018,1343,72.963418,0.729632,3106,NA,NA,NA,NA,NA,NA,NA,NA,NA,NA,NA,NA,NA
NA,NA,NA,NA,NA,NA,NA,NA,NA,NA,NA,NA,NA,"S02001848",NA,"Pollok South and West",5467,5467,2096,215.503026,2.15503,6341,NA,NA,NA,NA,NA,NA,NA,NA,NA,NA,NA,NA,NA
NA,NA,NA,NA,NA,NA,NA,NA,NA,NA,NA,NA,NA,"S02001850",NA,"Cardonald South and East",3512,3410,1673,68.023333,0.680233,3192,NA,NA,NA,NA,NA,NA,NA,NA,NA,NA,NA,NA,NA
NA,NA,NA,NA,NA,NA,NA,NA,NA,NA,NA,NA,NA,"S02001851",NA,"Cardonald North",4271,4256,2046,57.431205,0.574312,4329,NA,NA,NA,NA,NA,NA,NA,NA,NA,NA,NA,NA,NA
NA,NA,NA,NA,NA,NA,NA,NA,NA,NA,NA,NA,NA,"S02001852",NA,"Cardonald West and Central",5315,5270,2442,119.992763,1.19993,5162,NA,NA,NA,NA,NA,NA,NA,NA,NA,NA,NA,NA,NA
NA,NA,NA,NA,NA,NA,NA,NA,NA,NA,NA,NA,NA,"S02001874",NA,"Carnwadric West",4634,4634,2189,70.122638,0.701226,4228,NA,NA,NA,NA,NA,NA,NA,NA,NA,NA,NA,NA,NA
NA,NA,NA,NA,NA,NA,NA,NA,NA,NA,NA,NA,NA,"S02001875",NA,"Carnwadric East",3144,3144,1458,68.319538,0.683196,3127,NA,NA,NA,NA,NA,NA,NA,NA,NA,NA,NA,NA,NA
NA,NA,NA,NA,NA,NA,NA,NA,NA,NA,NA,NA,NA,"S02001876",NA,"Newlands",5387,5383,2197,121.00687,1.210071,5278,NA,NA,NA,NA,NA,NA,NA,NA,NA,NA,NA,NA,NA
NA,NA,NA,NA,NA,NA,NA,NA,NA,NA,NA,NA,NA,"S02001877",NA,"Merrylee and Millbrae",3435,3373,1436,80.968722,0.809685,3496,NA,NA,NA,NA,NA,NA,NA,NA,NA,NA,NA,NA,NA
NA,NA,NA,NA,NA,NA,NA,NA,NA,NA,NA,NA,NA,"S02001878",NA,"Muirend and Old Cathcart",4951,4951,2220,85.022175,0.85022,4622,NA,NA,NA,NA,NA,NA,NA,NA,NA,NA,NA,NA,NA
NA,NA,NA,NA,NA,NA,NA,NA,NA,NA,NA,NA,NA,"S02001879",NA,"Carmunnock North",2903,2903,1205,70.609065,0.706093,2871,NA,NA,NA,NA,NA,NA,NA,NA,NA,NA,NA,NA,NA
NA,NA,NA,NA,NA,NA,NA,NA,NA,NA,NA,NA,NA,"S02001880",NA,"Carmunnock South",3744,3710,1692,583.097447,5.830975,3737,NA,NA,NA,NA,NA,NA,NA,NA,NA,NA,NA,NA,NA
NA,NA,NA,NA,NA,NA,NA,NA,NA,NA,NA,NA,NA,"S02001881",NA,"Glenwood South",5159,5056,2487,95.976979,0.959772,4953,NA,NA,NA,NA,NA,NA,NA,NA,NA,NA,NA,NA,NA
NA,NA,NA,NA,NA,NA,NA,NA,NA,NA,NA,NA,NA,"S02001882",NA,"Glenwood North",4319,4231,1890,116.703869,1.167037,4313,NA,NA,NA,NA,NA,NA,NA,NA,NA,NA,NA,NA,NA
NA,NA,NA,NA,NA,NA,NA,NA,NA,NA,NA,NA,NA,"S02001883",NA,"Castlemilk",4905,4900,2341,75.515797,0.755156,4980,NA,NA,NA,NA,NA,NA,NA,NA,NA,NA,NA,NA,NA
NA,NA,NA,NA,NA,NA,NA,NA,NA,NA,NA,NA,NA,"S02001884",NA,"Kingspark South",4157,4157,1727,100.976722,1.009767,4026,NA,NA,NA,NA,NA,NA,NA,NA,NA,NA,NA,NA,NA
NA,NA,NA,NA,NA,NA,NA,NA,NA,NA,NA,NA,NA,"S02001885",NA,"Kingspark North",4368,4368,1774,67.269157,0.672688,4069,NA,NA,NA,NA,NA,NA,NA,NA,NA,NA,NA,NA,NA
NA,NA,NA,NA,NA,NA,NA,NA,NA,NA,NA,NA,NA,"S02001886",NA,"Cathcart",4798,4797,2780,79.104296,0.791045,5411,NA,NA,NA,NA,NA,NA,NA,NA,NA,NA,NA,NA,NA
NA,NA,NA,NA,NA,NA,NA,NA,NA,NA,NA,NA,NA,"S02001887",NA,"Mount Florida",4172,4147,2264,57.462861,0.57463,4395,NA,NA,NA,NA,NA,NA,NA,NA,NA,NA,NA,NA,NA
NA,NA,NA,NA,NA,NA,NA,NA,NA,NA,NA,NA,NA,"S02001888",NA,"Toryglen and Oatlands",5646,5645,2812,197.209169,1.972097,6814,NA,NA,NA,NA,NA,NA,NA,NA,NA,NA,NA,NA,NA
NA,NA,NA,NA,NA,NA,NA,NA,NA,NA,NA,NA,NA,"S02001890",NA,"Laurieston and Tradeston",5001,4449,2546,218.015415,2.180155,6156,NA,NA,NA,NA,NA,NA,NA,NA,NA,NA,NA,NA,NA
NA,NA,NA,NA,NA,NA,NA,NA,NA,NA,NA,NA,NA,"S02001891",NA,"Calton and Gallowgate",3987,3951,2403,102.883029,1.028829,4602,NA,NA,NA,NA,NA,NA,NA,NA,NA,NA,NA,NA,NA
NA,NA,NA,NA,NA,NA,NA,NA,NA,NA,NA,NA,NA,"S02001892",NA,"Bridgeton",3552,3515,1979,36.905803,0.369061,4147,NA,NA,NA,NA,NA,NA,NA,NA,NA,NA,NA,NA,NA
NA,NA,NA,NA,NA,NA,NA,NA,NA,NA,NA,NA,NA,"S02001893",NA,"Dalmarnock",2529,2525,1453,118.593715,1.185936,3860,NA,NA,NA,NA,NA,NA,NA,NA,NA,NA,NA,NA,NA
NA,NA,NA,NA,NA,NA,NA,NA,NA,NA,NA,NA,NA,"S02001895",NA,"Parkhead East and Braidfauld North",3166,3144,1649,88.75964,0.887596,3596,NA,NA,NA,NA,NA,NA,NA,NA,NA,NA,NA,NA,NA
NA,NA,NA,NA,NA,NA,NA,NA,NA,NA,NA,NA,NA,"S02001896",NA,"Braidfauld",5637,5570,2797,202.898033,2.02898,6652,NA,NA,NA,NA,NA,NA,NA,NA,NA,NA,NA,NA,NA
NA,NA,NA,NA,NA,NA,NA,NA,NA,NA,NA,NA,NA,"S02001897",NA,"Shettleston South",3887,3863,1664,244.41591,2.444159,3810,NA,NA,NA,NA,NA,NA,NA,NA,NA,NA,NA,NA,NA
NA,NA,NA,NA,NA,NA,NA,NA,NA,NA,NA,NA,NA,"S02001898",NA,"Carmyle and Mount Vernon South",2701,2635,1187,135.176755,1.351766,2632,NA,NA,NA,NA,NA,NA,NA,NA,NA,NA,NA,NA,NA
NA,NA,NA,NA,NA,NA,NA,NA,NA,NA,NA,NA,NA,"S02001899",NA,"Mount Vernon North and Sandyhills",3766,3760,1569,127.125764,1.271258,3525,NA,NA,NA,NA,NA,NA,NA,NA,NA,NA,NA,NA,NA
NA,NA,NA,NA,NA,NA,NA,NA,NA,NA,NA,NA,NA,"S02001900",NA,"Baillieston West",3842,3842,1762,75.656481,0.756566,3607,NA,NA,NA,NA,NA,NA,NA,NA,NA,NA,NA,NA,NA
NA,NA,NA,NA,NA,NA,NA,NA,NA,NA,NA,NA,NA,"S02001901",NA,"Baillieston East",5313,5251,2270,609.342024,6.09342,7128,NA,NA,NA,NA,NA,NA,NA,NA,NA,NA,NA,NA,NA
NA,NA,NA,NA,NA,NA,NA,NA,NA,NA,NA,NA,NA,"S02001902",NA,"Garrowhill West",4296,4292,1710,107.328005,1.073282,4096,NA,NA,NA,NA,NA,NA,NA,NA,NA,NA,NA,NA,NA
NA,NA,NA,NA,NA,NA,NA,NA,NA,NA,NA,NA,NA,"S02001868",NA,"Strathbungo",5617,5520,2951,56.609999,0.566098,5917,NA,NA,NA,NA,NA,NA,NA,NA,NA,NA,NA,NA,NA
NA,NA,NA,NA,NA,NA,NA,NA,NA,NA,NA,NA,NA,"S02001869",NA,"Maxwell Park",5929,5834,2330,360.290675,3.602903,5866,NA,NA,NA,NA,NA,NA,NA,NA,NA,NA,NA,NA,NA
NA,NA,NA,NA,NA,NA,NA,NA,NA,NA,NA,NA,NA,"S02001870",NA,"Shawlands West",3573,3573,2123,32.239972,0.3224,3888,NA,NA,NA,NA,NA,NA,NA,NA,NA,NA,NA,NA,NA
NA,NA,NA,NA,NA,NA,NA,NA,NA,NA,NA,NA,NA,"S02001871",NA,"Shawlands East",3293,3293,1930,19.716182,0.197163,3593,NA,NA,NA,NA,NA,NA,NA,NA,NA,NA,NA,NA,NA
NA,NA,NA,NA,NA,NA,NA,NA,NA,NA,NA,NA,NA,"S02001872",NA,"Langside",4086,4027,2238,45.138886,0.45139,4573,NA,NA,NA,NA,NA,NA,NA,NA,NA,NA,NA,NA,NA
NA,NA,NA,NA,NA,NA,NA,NA,NA,NA,NA,NA,NA,"S02001913",NA,"Carntyne",3419,3291,1710,72.731272,0.727314,3504,NA,NA,NA,NA,NA,NA,NA,NA,NA,NA,NA,NA,NA
NA,NA,NA,NA,NA,NA,NA,NA,NA,NA,NA,NA,NA,"S02001915",NA,"Craigend and Ruchazie",5100,5052,2457,137.094116,1.370945,5692,NA,NA,NA,NA,NA,NA,NA,NA,NA,NA,NA,NA,NA
NA,NA,NA,NA,NA,NA,NA,NA,NA,NA,NA,NA,NA,"S02001916",NA,"Riddrie and Hogganfield",5861,5037,2353,219.678398,2.196787,5867,NA,NA,NA,NA,NA,NA,NA,NA,NA,NA,NA,NA,NA
NA,NA,NA,NA,NA,NA,NA,NA,NA,NA,NA,NA,NA,"S02001917",NA,"Blackhill and Barmulloch East",4421,4415,1981,128.553244,1.285532,4601,NA,NA,NA,NA,NA,NA,NA,NA,NA,NA,NA,NA,NA
NA,NA,NA,NA,NA,NA,NA,NA,NA,NA,NA,NA,NA,"S02001918",NA,"Robroyston and Millerston",6125,6023,2322,427.767003,4.277671,6352,NA,NA,NA,NA,NA,NA,NA,NA,NA,NA,NA,NA,NA
NA,NA,NA,NA,NA,NA,NA,NA,NA,NA,NA,NA,NA,"S02001920",NA,"Barmulloch",2637,2637,1155,70.040828,0.700409,3048,NA,NA,NA,NA,NA,NA,NA,NA,NA,NA,NA,NA,NA
NA,NA,NA,NA,NA,NA,NA,NA,NA,NA,NA,NA,NA,"S02001921",NA,"Petershill",4307,4307,2101,70.002636,0.700029,3611,NA,NA,NA,NA,NA,NA,NA,NA,NA,NA,NA,NA,NA
NA,NA,NA,NA,NA,NA,NA,NA,NA,NA,NA,NA,NA,"S02001923",NA,"Springburn East and Cowlairs",4273,4265,2242,79.651629,0.796518,4850,NA,NA,NA,NA,NA,NA,NA,NA,NA,NA,NA,NA,NA
NA,NA,NA,NA,NA,NA,NA,NA,NA,NA,NA,NA,NA,"S02001925",NA,"Sighthill",2320,2320,1119,100.257632,1.002577,900,NA,NA,NA,NA,NA,NA,NA,NA,NA,NA,NA,NA,NA
NA,NA,NA,NA,NA,NA,NA,NA,NA,NA,NA,NA,NA,"S02001926",NA,"Roystonhill, Blochairn, and Provanmill",5773,5720,2944,170.797614,1.707979,6023,NA,NA,NA,NA,NA,NA,NA,NA,NA,NA,NA,NA,NA
NA,NA,NA,NA,NA,NA,NA,NA,NA,NA,NA,NA,NA,"S02001927",NA,"Dennistoun North",4030,3917,2194,55.208947,0.552088,4707,NA,NA,NA,NA,NA,NA,NA,NA,NA,NA,NA,NA,NA
NA,NA,NA,NA,NA,NA,NA,NA,NA,NA,NA,NA,NA,"S02001928",NA,"Alexandra Parade",2500,2461,1445,72.352713,0.723528,2695,NA,NA,NA,NA,NA,NA,NA,NA,NA,NA,NA,NA,NA
NA,NA,NA,NA,NA,NA,NA,NA,NA,NA,NA,NA,NA,"S02001929",NA,"Carntyne West and Haghill",5068,5068,2803,103.562594,1.03563,4771,NA,NA,NA,NA,NA,NA,NA,NA,NA,NA,NA,NA,NA
NA,NA,NA,NA,NA,NA,NA,NA,NA,NA,NA,NA,NA,"S02001931",NA,"Gallowgate North and Bellgrove",4926,4132,2371,61.838573,0.618384,6354,NA,NA,NA,NA,NA,NA,NA,NA,NA,NA,NA,NA,NA
NA,NA,NA,NA,NA,NA,NA,NA,NA,NA,NA,NA,NA,"S02001934",NA,"City Centre South",2832,2796,1811,117.01778,1.170175,3945,NA,NA,NA,NA,NA,NA,NA,NA,NA,NA,NA,NA,NA
NA,NA,NA,NA,NA,NA,NA,NA,NA,NA,NA,NA,NA,"S02001935",NA,"Anderston",4420,4419,2464,59.800735,0.598007,5577,NA,NA,NA,NA,NA,NA,NA,NA,NA,NA,NA,NA,NA
NA,NA,NA,NA,NA,NA,NA,NA,NA,NA,NA,NA,NA,"S02001936",NA,"Finnieston and Kelvinhaugh",6985,5775,3100,123.165722,1.231658,10513,NA,NA,NA,NA,NA,NA,NA,NA,NA,NA,NA,NA,NA
NA,NA,NA,NA,NA,NA,NA,NA,NA,NA,NA,NA,NA,"S02001937",NA,"Woodlands",6449,6323,2914,54.078477,0.54079,7387,NA,NA,NA,NA,NA,NA,NA,NA,NA,NA,NA,NA,NA
NA,NA,NA,NA,NA,NA,NA,NA,NA,NA,NA,NA,NA,"S02001938",NA,"Woodside",3416,3334,1961,69.61864,0.696187,3569,NA,NA,NA,NA,NA,NA,NA,NA,NA,NA,NA,NA,NA
NA,NA,NA,NA,NA,NA,NA,NA,NA,NA,NA,NA,NA,"S02001903",NA,"Garrowhill East and Swinton",4298,4273,1627,135.961839,1.359619,4177,NA,NA,NA,NA,NA,NA,NA,NA,NA,NA,NA,NA,NA
NA,NA,NA,NA,NA,NA,NA,NA,NA,NA,NA,NA,NA,"S02001904",NA,"Easterhouse East",3183,3105,1488,409.058726,4.090587,3156,NA,NA,NA,NA,NA,NA,NA,NA,NA,NA,NA,NA,NA
NA,NA,NA,NA,NA,NA,NA,NA,NA,NA,NA,NA,NA,"S02001905",NA,"Central Easterhouse",2740,2740,1296,87.727933,0.877279,2382,NA,NA,NA,NA,NA,NA,NA,NA,NA,NA,NA,NA,NA
NA,NA,NA,NA,NA,NA,NA,NA,NA,NA,NA,NA,NA,"S02001907",NA,"North Barlanark and Easterhouse South",3405,3366,1449,92.153009,0.921532,3581,NA,NA,NA,NA,NA,NA,NA,NA,NA,NA,NA,NA,NA
NA,NA,NA,NA,NA,NA,NA,NA,NA,NA,NA,NA,NA,"S02001908",NA,"Barlanark",4904,4904,2212,229.897688,2.298983,4916,NA,NA,NA,NA,NA,NA,NA,NA,NA,NA,NA,NA,NA
NA,NA,NA,NA,NA,NA,NA,NA,NA,NA,NA,NA,NA,"S02001909",NA,"Greenfield",5228,5162,2536,128.745249,1.287454,5139,NA,NA,NA,NA,NA,NA,NA,NA,NA,NA,NA,NA,NA
NA,NA,NA,NA,NA,NA,NA,NA,NA,NA,NA,NA,NA,"S02001910",NA,"Shettleston North",4492,4492,2626,77.645997,0.77646,4772,NA,NA,NA,NA,NA,NA,NA,NA,NA,NA,NA,NA,NA
NA,NA,NA,NA,NA,NA,NA,NA,NA,NA,NA,NA,NA,"S02001912",NA,"Old Shettleston and Parkhead North",3573,3465,1735,114.886267,1.148863,4848,NA,NA,NA,NA,NA,NA,NA,NA,NA,NA,NA,NA,NA
NA,NA,NA,NA,NA,NA,NA,NA,NA,NA,NA,NA,NA,"S02001946",NA,"Summerston North",4031,3763,1802,157.868161,1.578682,3445,NA,NA,NA,NA,NA,NA,NA,NA,NA,NA,NA,NA,NA
NA,NA,NA,NA,NA,NA,NA,NA,NA,NA,NA,NA,NA,"S02001947",NA,"Maryhill East",3295,3295,1711,76.098802,0.760989,3448,NA,NA,NA,NA,NA,NA,NA,NA,NA,NA,NA,NA,NA
NA,NA,NA,NA,NA,NA,NA,NA,NA,NA,NA,NA,NA,"S02001948",NA,"Maryhill West",2742,2742,1425,52.904454,0.529043,3064,NA,NA,NA,NA,NA,NA,NA,NA,NA,NA,NA,NA,NA
NA,NA,NA,NA,NA,NA,NA,NA,NA,NA,NA,NA,NA,"S02001950",NA,"Kelvindale",6079,5371,2544,115.113948,1.151139,6166,NA,NA,NA,NA,NA,NA,NA,NA,NA,NA,NA,NA,NA
NA,NA,NA,NA,NA,NA,NA,NA,NA,NA,NA,NA,NA,"S02001951",NA,"North Kelvin",3795,3774,1863,48.785565,0.487856,4187,NA,NA,NA,NA,NA,NA,NA,NA,NA,NA,NA,NA,NA
NA,NA,NA,NA,NA,NA,NA,NA,NA,NA,NA,NA,NA,"S02001952",NA,"Kelvingrove and University",5946,5732,2669,68.13281,0.681333,6546,NA,NA,NA,NA,NA,NA,NA,NA,NA,NA,NA,NA,NA
NA,NA,NA,NA,NA,NA,NA,NA,NA,NA,NA,NA,NA,"S02001953",NA,"Hillhead",5715,5696,3315,95.863985,0.95864,8319,NA,NA,NA,NA,NA,NA,NA,NA,NA,NA,NA,NA,NA
NA,NA,NA,NA,NA,NA,NA,NA,NA,NA,NA,NA,NA,"S02001955",NA,"Partick",3845,3830,2372,35.576266,0.355764,4024,NA,NA,NA,NA,NA,NA,NA,NA,NA,NA,NA,NA,NA
NA,NA,NA,NA,NA,NA,NA,NA,NA,NA,NA,NA,NA,"S02001956",NA,"Partickhill and Hyndland",5517,5479,2935,54.10841,0.541086,5803,NA,NA,NA,NA,NA,NA,NA,NA,NA,NA,NA,NA,NA
NA,NA,NA,NA,NA,NA,NA,NA,NA,NA,NA,NA,NA,"S02001957",NA,"Dowanhill",4338,4281,2176,46.309023,0.463092,4589,NA,NA,NA,NA,NA,NA,NA,NA,NA,NA,NA,NA,NA
NA,NA,NA,NA,NA,NA,NA,NA,NA,NA,NA,NA,NA,"S02001959",NA,"Broomhill",4348,4317,2224,61.247157,0.612471,4639,NA,NA,NA,NA,NA,NA,NA,NA,NA,NA,NA,NA,NA
NA,NA,NA,NA,NA,NA,NA,NA,NA,NA,NA,NA,NA,"S02001960",NA,"Victoria Park",2694,2684,1119,70.840075,0.708401,2705,NA,NA,NA,NA,NA,NA,NA,NA,NA,NA,NA,NA,NA
NA,NA,NA,NA,NA,NA,NA,NA,NA,NA,NA,NA,NA,"S02001961",NA,"Whiteinch",3405,3405,1988,51.848369,0.518484,3742,NA,NA,NA,NA,NA,NA,NA,NA,NA,NA,NA,NA,NA
NA,NA,NA,NA,NA,NA,NA,NA,NA,NA,NA,NA,NA,"S02001962",NA,"Scotstoun North and East",4321,4304,1915,66.7572,0.667572,4595,NA,NA,NA,NA,NA,NA,NA,NA,NA,NA,NA,NA,NA
NA,NA,NA,NA,NA,NA,NA,NA,NA,NA,NA,NA,NA,"S02001963",NA,"Scotstoun South and West",3718,3718,1857,99.653897,0.996539,3637,NA,NA,NA,NA,NA,NA,NA,NA,NA,NA,NA,NA,NA
NA,NA,NA,NA,NA,NA,NA,NA,NA,NA,NA,NA,NA,"S02001964",NA,"Yoker South",4571,4558,2344,96.545804,0.96546,4856,NA,NA,NA,NA,NA,NA,NA,NA,NA,NA,NA,NA,NA
NA,NA,NA,NA,NA,NA,NA,NA,NA,NA,NA,NA,NA,"S02001965",NA,"Yoker North",3030,2850,1153,52.391859,0.523917,2970,NA,NA,NA,NA,NA,NA,NA,NA,NA,NA,NA,NA,NA
NA,NA,NA,NA,NA,NA,NA,NA,NA,NA,NA,NA,NA,"S02001966",NA,"Knightswood West",2666,2666,1251,45.080045,0.450802,2551,NA,NA,NA,NA,NA,NA,NA,NA,NA,NA,NA,NA,NA
NA,NA,NA,NA,NA,NA,NA,NA,NA,NA,NA,NA,NA,"S02001967",NA,"Knightswood East",3977,3878,2008,62.290175,0.622905,3921,NA,NA,NA,NA,NA,NA,NA,NA,NA,NA,NA,NA,NA
NA,NA,NA,NA,NA,NA,NA,NA,NA,NA,NA,NA,NA,"S02001968",NA,"Knightswood Park West",3459,3459,1926,93.437919,0.934381,3354,NA,NA,NA,NA,NA,NA,NA,NA,NA,NA,NA,NA,NA
NA,NA,NA,NA,NA,NA,NA,NA,NA,NA,NA,NA,NA,"S02001969",NA,"Knightswood Park East",3692,3692,1793,55.077788,0.550776,3870,NA,NA,NA,NA,NA,NA,NA,NA,NA,NA,NA,NA,NA
NA,NA,NA,NA,NA,NA,NA,NA,NA,NA,NA,NA,NA,"S02001930",NA,"Dennistoun",4195,4183,2227,27.916265,0.279162,4454,NA,NA,NA,NA,NA,NA,NA,NA,NA,NA,NA,NA,NA
NA,NA,NA,NA,NA,NA,NA,NA,NA,NA,NA,NA,NA,"S02001970",NA,"Anniesland East",4217,4171,2207,149.99151,1.499915,4242,NA,NA,NA,NA,NA,NA,NA,NA,NA,NA,NA,NA,NA
NA,NA,NA,NA,NA,NA,NA,NA,NA,NA,NA,NA,NA,"S02001972",NA,"Blairdardie East",5683,5676,2818,97.739448,0.977395,5485,NA,NA,NA,NA,NA,NA,NA,NA,NA,NA,NA,NA,NA
NA,NA,NA,NA,NA,NA,NA,NA,NA,NA,NA,NA,NA,"S02001973",NA,"Blairdardie West",2926,2926,1199,91.099311,0.910992,2975,NA,NA,NA,NA,NA,NA,NA,NA,NA,NA,NA,NA,NA
NA,NA,NA,NA,NA,NA,NA,NA,NA,NA,NA,NA,NA,"S02001974",NA,"Drumchapel South",2623,2503,1096,82.379145,0.823793,2542,NA,NA,NA,NA,NA,NA,NA,NA,NA,NA,NA,NA,NA
NA,NA,NA,NA,NA,NA,NA,NA,NA,NA,NA,NA,NA,"S02001975",NA,"Drumchapel North",3686,3686,1650,88.810851,0.888109,3354,NA,NA,NA,NA,NA,NA,NA,NA,NA,NA,NA,NA,NA
NA,NA,NA,NA,NA,NA,NA,NA,NA,NA,NA,NA,NA,"S02001977",NA,"Drumry West",3464,3464,1480,89.801617,0.898018,3542,NA,NA,NA,NA,NA,NA,NA,NA,NA,NA,NA,NA,NA
NA,NA,NA,NA,NA,NA,NA,NA,NA,NA,NA,NA,NA,"S02001939",NA,"Firhill",5667,5624,3088,58.998422,0.589983,6415,NA,NA,NA,NA,NA,NA,NA,NA,NA,NA,NA,NA,NA
NA,NA,NA,NA,NA,NA,NA,NA,NA,NA,NA,NA,NA,"S02001940",NA,"Keppochhill",4616,4287,2327,91.978995,0.919793,4894,NA,NA,NA,NA,NA,NA,NA,NA,NA,NA,NA,NA,NA
NA,NA,NA,NA,NA,NA,NA,NA,NA,NA,NA,NA,NA,"S02001941",NA,"Ruchill",6987,5757,3236,115.615228,1.15615,7402,NA,NA,NA,NA,NA,NA,NA,NA,NA,NA,NA,NA,NA
NA,NA,NA,NA,NA,NA,NA,NA,NA,NA,NA,NA,NA,"S02001942",NA,"Possil Park",5812,5694,2872,186.040561,1.860405,6123,NA,NA,NA,NA,NA,NA,NA,NA,NA,NA,NA,NA,NA
NA,NA,NA,NA,NA,NA,NA,NA,NA,NA,NA,NA,NA,"S02001943",NA,"Milton West",4190,4183,2018,132.357158,1.32357,4275,NA,NA,NA,NA,NA,NA,NA,NA,NA,NA,NA,NA,NA
NA,NA,NA,NA,NA,NA,NA,NA,NA,NA,NA,NA,NA,"S02001944",NA,"Milton East",3554,3516,1642,64.173269,0.641734,3185,NA,NA,NA,NA,NA,NA,NA,NA,NA,NA,NA,NA,NA
NA,NA,NA,NA,NA,NA,NA,NA,NA,NA,NA,NA,NA,"S02001945",NA,"Summerston Central and West",4093,4093,1848,765.759697,7.657596,4481,NA,NA,NA,NA,NA,NA,NA,NA,NA,NA,NA,NA,NA
"A101H",NA,NA,NA,NA,NA,NA,NA,NA,NA,NA,NA,NA,NA,NA,NA,NA,NA,NA,NA,NA,NA,201112,"S92000003","S08000015","Type 3",182,182,0,NA,NA,"z",NA,NA,NA
"A110H",NA,NA,NA,NA,NA,NA,NA,NA,NA,NA,NA,NA,NA,NA,NA,NA,NA,NA,NA,NA,NA,201112,"S92000003","S08000015","Type 3",37,37,0,NA,NA,"z",NA,NA,NA
"A111H",NA,NA,NA,NA,NA,NA,NA,NA,NA,NA,NA,NA,NA,NA,NA,NA,NA,NA,NA,NA,NA,201112,"S92000003","S08000015","Type 1",5566,5376,190,5566,5376,"",190,4,0
"A210H",NA,NA,NA,NA,NA,NA,NA,NA,NA,NA,NA,NA,NA,NA,NA,NA,NA,NA,NA,NA,NA,201112,"S92000003","S08000015","Type 1",3446,3117,329,3446,3117,"",329,23,3
"A216H",NA,NA,NA,NA,NA,NA,NA,NA,NA,NA,NA,NA,NA,NA,NA,NA,NA,NA,NA,NA,NA,201112,"S92000003","S08000015","Type 3",79,79,0,NA,NA,"z",NA,NA,NA
"B103H",NA,NA,NA,NA,NA,NA,NA,NA,NA,NA,NA,NA,NA,NA,NA,NA,NA,NA,NA,NA,NA,201112,"S92000003","S08000016","Type 3",7,7,0,NA,NA,"z",NA,NA,NA
"B105H",NA,NA,NA,NA,NA,NA,NA,NA,NA,NA,NA,NA,NA,NA,NA,NA,NA,NA,NA,NA,NA,201112,"S92000003","S08000016","Type 3",103,103,0,NA,NA,"z",NA,NA,NA
"B114H",NA,NA,NA,NA,NA,NA,NA,NA,NA,NA,NA,NA,NA,NA,NA,NA,NA,NA,NA,NA,NA,201112,"S92000003","S08000016","Type 3",33,33,0,NA,NA,"z",NA,NA,NA
"B118H",NA,NA,NA,NA,NA,NA,NA,NA,NA,NA,NA,NA,NA,NA,NA,NA,NA,NA,NA,NA,NA,201112,"S92000003","S08000016","Type 3",79,79,0,NA,NA,"z",NA,NA,NA
"B120H",NA,NA,NA,NA,NA,NA,NA,NA,NA,NA,NA,NA,NA,NA,NA,NA,NA,NA,NA,NA,NA,201112,"S92000003","S08000016","Type 1",1810,1766,44,1810,1766,"",44,0,0
"Y101H",NA,NA,NA,NA,NA,NA,NA,NA,NA,NA,NA,NA,NA,NA,NA,NA,NA,NA,NA,NA,NA,201112,"S92000003","S08000017","Type 3",26,26,0,NA,NA,"z",NA,NA,NA
"Y106H",NA,NA,NA,NA,NA,NA,NA,NA,NA,NA,NA,NA,NA,NA,NA,NA,NA,NA,NA,NA,NA,201112,"S92000003","S08000017","Type 3",44,44,0,NA,NA,"z",NA,NA,NA
"Y109H",NA,NA,NA,NA,NA,NA,NA,NA,NA,NA,NA,NA,NA,NA,NA,NA,NA,NA,NA,NA,NA,201112,"S92000003","S08000017","Type 3",4,4,0,NA,NA,"z",NA,NA,NA
"Y110H",NA,NA,NA,NA,NA,NA,NA,NA,NA,NA,NA,NA,NA,NA,NA,NA,NA,NA,NA,NA,NA,201112,"S92000003","S08000017","Type 3",19,19,0,NA,NA,"z",NA,NA,NA
"Y144H",NA,NA,NA,NA,NA,NA,NA,NA,NA,NA,NA,NA,NA,NA,NA,NA,NA,NA,NA,NA,NA,201112,"S92000003","S08000017","Type 1",849,821,28,849,821,"",28,3,1
"Y146H",NA,NA,NA,NA,NA,NA,NA,NA,NA,NA,NA,NA,NA,NA,NA,NA,NA,NA,NA,NA,NA,201112,"S92000003","S08000017","Type 1",2519,2414,105,2519,2414,"",105,1,0
"F704H",NA,NA,NA,NA,NA,NA,NA,NA,NA,NA,NA,NA,NA,NA,NA,NA,NA,NA,NA,NA,NA,201112,"S92000003","S08000029","Type 1",2488,2208,280,2488,2208,"",280,43,4
"F708H",NA,NA,NA,NA,NA,NA,NA,NA,NA,NA,NA,NA,NA,NA,NA,NA,NA,NA,NA,NA,NA,201112,"S92000003","S08000029","Type 3",119,119,0,NA,NA,"z",NA,NA,NA
"F709H",NA,NA,NA,NA,NA,NA,NA,NA,NA,NA,NA,NA,NA,NA,NA,NA,NA,NA,NA,NA,NA,201112,"S92000003","S08000029","Type 3",352,352,0,NA,NA,"z",NA,NA,NA
"F805H",NA,NA,NA,NA,NA,NA,NA,NA,NA,NA,NA,NA,NA,NA,NA,NA,NA,NA,NA,NA,NA,201112,"S92000003","S08000029","Type 1",4147,3320,827,4147,3320,"",827,225,42
"V201H",NA,NA,NA,NA,NA,NA,NA,NA,NA,NA,NA,NA,NA,NA,NA,NA,NA,NA,NA,NA,NA,201112,"S92000003","S08000019","Type 3",985,974,11,985,974,"",11,0,0
"V217H",NA,NA,NA,NA,NA,NA,NA,NA,NA,NA,NA,NA,NA,NA,NA,NA,NA,NA,NA,NA,NA,201112,"S92000003","S08000019","Type 1",4733,4385,348,4733,4385,"",348,5,0
"N101H",NA,NA,NA,NA,NA,NA,NA,NA,NA,NA,NA,NA,NA,NA,NA,NA,NA,NA,NA,NA,NA,201112,"S92000003","S08000020","Type 1",5474,5190,284,5474,5190,"",284,41,9
"N121H",NA,NA,NA,NA,NA,NA,NA,NA,NA,NA,NA,NA,NA,NA,NA,NA,NA,NA,NA,NA,NA,201112,"S92000003","S08000020","Type 1",1312,1306,6,1312,1306,"",6,0,0
"N151H",NA,NA,NA,NA,NA,NA,NA,NA,NA,NA,NA,NA,NA,NA,NA,NA,NA,NA,NA,NA,NA,201112,"S92000003","S08000020","Type 3",69,69,0,NA,NA,"z",NA,NA,NA
"N331H",NA,NA,NA,NA,NA,NA,NA,NA,NA,NA,NA,NA,NA,NA,NA,NA,NA,NA,NA,NA,NA,201112,"S92000003","S08000020","Type 3",30,30,0,NA,NA,"z",NA,NA,NA
"N332H",NA,NA,NA,NA,NA,NA,NA,NA,NA,NA,NA,NA,NA,NA,NA,NA,NA,NA,NA,NA,NA,201112,"S92000003","S08000020","Type 3",42,42,0,NA,NA,"z",NA,NA,NA
"N333H",NA,NA,NA,NA,NA,NA,NA,NA,NA,NA,NA,NA,NA,NA,NA,NA,NA,NA,NA,NA,NA,201112,"S92000003","S08000020","Type 3",1133,1128,5,NA,NA,"z",NA,NA,NA
"N334H",NA,NA,NA,NA,NA,NA,NA,NA,NA,NA,NA,NA,NA,NA,NA,NA,NA,NA,NA,NA,NA,201112,"S92000003","S08000020","Type 3",882,882,0,NA,NA,"z",NA,NA,NA
"N335H",NA,NA,NA,NA,NA,NA,NA,NA,NA,NA,NA,NA,NA,NA,NA,NA,NA,NA,NA,NA,NA,201112,"S92000003","S08000020","Type 3",268,268,0,NA,NA,"z",NA,NA,NA
"N336H",NA,NA,NA,NA,NA,NA,NA,NA,NA,NA,NA,NA,NA,NA,NA,NA,NA,NA,NA,NA,NA,201112,"S92000003","S08000020","Type 3",164,164,0,NA,NA,"z",NA,NA,NA
"N337H",NA,NA,NA,NA,NA,NA,NA,NA,NA,NA,NA,NA,NA,NA,NA,NA,NA,NA,NA,NA,NA,201112,"S92000003","S08000020","Type 3",271,271,0,NA,NA,"z",NA,NA,NA
"N411H",NA,NA,NA,NA,NA,NA,NA,NA,NA,NA,NA,NA,NA,NA,NA,NA,NA,NA,NA,NA,NA,201112,"S92000003","S08000020","Type 1",1986,1908,78,1986,1908,"",78,5,1
"N431H",NA,NA,NA,NA,NA,NA,NA,NA,NA,NA,NA,NA,NA,NA,NA,NA,NA,NA,NA,NA,NA,201112,"S92000003","S08000020","Type 3",67,67,0,NA,NA,"z",NA,NA,NA
"N432H",NA,NA,NA,NA,NA,NA,NA,NA,NA,NA,NA,NA,NA,NA,NA,NA,NA,NA,NA,NA,NA,201112,"S92000003","S08000020","Type 3",27,27,0,NA,NA,"z",NA,NA,NA
"N433H",NA,NA,NA,NA,NA,NA,NA,NA,NA,NA,NA,NA,NA,NA,NA,NA,NA,NA,NA,NA,NA,201112,"S92000003","S08000020","Type 3",90,90,0,NA,NA,"z",NA,NA,NA
"N434H",NA,NA,NA,NA,NA,NA,NA,NA,NA,NA,NA,NA,NA,NA,NA,NA,NA,NA,NA,NA,NA,201112,"S92000003","S08000020","Type 3",45,45,0,NA,NA,"z",NA,NA,NA
"N451H",NA,NA,NA,NA,NA,NA,NA,NA,NA,NA,NA,NA,NA,NA,NA,NA,NA,NA,NA,NA,NA,201112,"S92000003","S08000020","Type 3",20,20,0,NA,NA,"z",NA,NA,NA
"N494H",NA,NA,NA,NA,NA,NA,NA,NA,NA,NA,NA,NA,NA,NA,NA,NA,NA,NA,NA,NA,NA,201112,"S92000003","S08000020","Type 3",93,93,0,93,93,"",0,0,0
"C206H",NA,NA,NA,NA,NA,NA,NA,NA,NA,NA,NA,NA,NA,NA,NA,NA,NA,NA,NA,NA,NA,201112,"S92000003","S08000031","Type 3",1103,1059,44,1103,1059,"",44,1,0
"C313H",NA,NA,NA,NA,NA,NA,NA,NA,NA,NA,NA,NA,NA,NA,NA,NA,NA,NA,NA,NA,NA,201112,"S92000003","S08000031","Type 1",2519,2425,94,2519,2425,"",94,1,0
"C418H",NA,NA,NA,NA,NA,NA,NA,NA,NA,NA,NA,NA,NA,NA,NA,NA,NA,NA,NA,NA,NA,201112,"S92000003","S08000031","Type 1",6012,5621,391,6012,5621,"",391,6,0
"C106H",NA,NA,NA,NA,NA,NA,NA,NA,NA,NA,NA,NA,NA,NA,NA,NA,NA,NA,NA,NA,NA,201112,"S92000003","S08000022","Type 3",520,514,6,NA,NA,"z",NA,NA,NA
"C108H",NA,NA,NA,NA,NA,NA,NA,NA,NA,NA,NA,NA,NA,NA,NA,NA,NA,NA,NA,NA,NA,201112,"S92000003","S08000022","Type 3",83,82,1,NA,NA,"z",NA,NA,NA
"C113H",NA,NA,NA,NA,NA,NA,NA,NA,NA,NA,NA,NA,NA,NA,NA,NA,NA,NA,NA,NA,NA,201112,"S92000003","S08000022","Type 3",319,314,5,NA,NA,"z",NA,NA,NA
"C117J",NA,NA,NA,NA,NA,NA,NA,NA,NA,NA,NA,NA,NA,NA,NA,NA,NA,NA,NA,NA,NA,201112,"S92000003","S08000022","Type 3",35,34,1,NA,NA,"z",NA,NA,NA
"C121H",NA,NA,NA,NA,NA,NA,NA,NA,NA,NA,NA,NA,NA,NA,NA,NA,NA,NA,NA,NA,NA,201112,"S92000003","S08000022","Type 1",430,428,2,NA,NA,"z",NA,NA,NA
"C122H",NA,NA,NA,NA,NA,NA,NA,NA,NA,NA,NA,NA,NA,NA,NA,NA,NA,NA,NA,NA,NA,201112,"S92000003","S08000022","Type 3",368,357,11,NA,NA,"z",NA,NA,NA
"H101H",NA,NA,NA,NA,NA,NA,NA,NA,NA,NA,NA,NA,NA,NA,NA,NA,NA,NA,NA,NA,NA,201112,"S92000003","S08000022","Type 3",233,231,2,NA,NA,"z",NA,NA,NA
"H103H",NA,NA,NA,NA,NA,NA,NA,NA,NA,NA,NA,NA,NA,NA,NA,NA,NA,NA,NA,NA,NA,201112,"S92000003","S08000022","Type 1",560,558,2,560,558,"",2,0,0
"H106H",NA,NA,NA,NA,NA,NA,NA,NA,NA,NA,NA,NA,NA,NA,NA,NA,NA,NA,NA,NA,NA,201112,"S92000003","S08000022","Type 3",36,36,0,NA,NA,"z",NA,NA,NA
"H202H",NA,NA,NA,NA,NA,NA,NA,NA,NA,NA,NA,NA,NA,NA,NA,NA,NA,NA,NA,NA,NA,201112,"S92000003","S08000022","Type 1",2474,2410,64,2474,2410,"",64,2,0
"H208H",NA,NA,NA,NA,NA,NA,NA,NA,NA,NA,NA,NA,NA,NA,NA,NA,NA,NA,NA,NA,NA,201112,"S92000003","S08000022","Type 3",281,281,0,NA,NA,"z",NA,NA,NA
"H210H",NA,NA,NA,NA,NA,NA,NA,NA,NA,NA,NA,NA,NA,NA,NA,NA,NA,NA,NA,NA,NA,201112,"S92000003","S08000022","Type 3",77,77,0,NA,NA,"z",NA,NA,NA
"H212H",NA,NA,NA,NA,NA,NA,NA,NA,NA,NA,NA,NA,NA,NA,NA,NA,NA,NA,NA,NA,NA,201112,"S92000003","S08000022","Type 1",625,610,15,625,610,"",15,0,0
"H214H",NA,NA,NA,NA,NA,NA,NA,NA,NA,NA,NA,NA,NA,NA,NA,NA,NA,NA,NA,NA,NA,201112,"S92000003","S08000022","Type 3",306,306,0,NA,NA,"z",NA,NA,NA
"H215H",NA,NA,NA,NA,NA,NA,NA,NA,NA,NA,NA,NA,NA,NA,NA,NA,NA,NA,NA,NA,NA,201112,"S92000003","S08000022","Type 3",195,195,0,NA,NA,"z",NA,NA,NA
"H217H",NA,NA,NA,NA,NA,NA,NA,NA,NA,NA,NA,NA,NA,NA,NA,NA,NA,NA,NA,NA,NA,201112,"S92000003","S08000022","Type 3",144,144,0,NA,NA,"z",NA,NA,NA
"H219H",NA,NA,NA,NA,NA,NA,NA,NA,NA,NA,NA,NA,NA,NA,NA,NA,NA,NA,NA,NA,NA,201112,"S92000003","S08000022","Type 3",110,109,1,NA,NA,"z",NA,NA,NA
"H224H",NA,NA,NA,NA,NA,NA,NA,NA,NA,NA,NA,NA,NA,NA,NA,NA,NA,NA,NA,NA,NA,201112,"S92000003","S08000022","Type 3",292,288,4,NA,NA,"z",NA,NA,NA
"H227B",NA,NA,NA,NA,NA,NA,NA,NA,NA,NA,NA,NA,NA,NA,NA,NA,NA,NA,NA,NA,NA,201112,"S92000003","S08000022","Type 3",141,139,2,NA,NA,"z",NA,NA,NA
"L106H",NA,NA,NA,NA,NA,NA,NA,NA,NA,NA,NA,NA,NA,NA,NA,NA,NA,NA,NA,NA,NA,201112,"S92000003","S08000032","Type 1",5355,5061,294,5355,5061,"",294,8,0
"L206H",NA,NA,NA,NA,NA,NA,NA,NA,NA,NA,NA,NA,NA,NA,NA,NA,NA,NA,NA,NA,NA,201112,"S92000003","S08000032","Type 3",46,46,0,NA,NA,"z",NA,NA,NA
"L207H",NA,NA,NA,NA,NA,NA,NA,NA,NA,NA,NA,NA,NA,NA,NA,NA,NA,NA,NA,NA,NA,201112,"S92000003","S08000032","Type 3",83,83,0,NA,NA,"z",NA,NA,NA
"L302H",NA,NA,NA,NA,NA,NA,NA,NA,NA,NA,NA,NA,NA,NA,NA,NA,NA,NA,NA,NA,NA,201112,"S92000003","S08000032","Type 1",4597,4388,209,4597,4388,"",209,15,0
"L308H",NA,NA,NA,NA,NA,NA,NA,NA,NA,NA,NA,NA,NA,NA,NA,NA,NA,NA,NA,NA,NA,201112,"S92000003","S08000032","Type 1",5154,4893,261,5154,4893,"",261,17,2
"S102H",NA,NA,NA,NA,NA,NA,NA,NA,NA,NA,NA,NA,NA,NA,NA,NA,NA,NA,NA,NA,NA,201112,"S92000003","S08000024","Type 3",24,24,0,NA,NA,"z",NA,NA,NA
"S108H",NA,NA,NA,NA,NA,NA,NA,NA,NA,NA,NA,NA,NA,NA,NA,NA,NA,NA,NA,NA,NA,201112,"S92000003","S08000024","Type 3",119,119,0,NA,NA,"z",NA,NA,NA
"S116H",NA,NA,NA,NA,NA,NA,NA,NA,NA,NA,NA,NA,NA,NA,NA,NA,NA,NA,NA,NA,NA,201112,"S92000003","S08000024","Type 3",3051,2829,222,3051,2829,"",222,29,0
"S308H",NA,NA,NA,NA,NA,NA,NA,NA,NA,NA,NA,NA,NA,NA,NA,NA,NA,NA,NA,NA,NA,201112,"S92000003","S08000024","Type 1",4155,3880,275,4155,3880,"",275,35,10
"S314H",NA,NA,NA,NA,NA,NA,NA,NA,NA,NA,NA,NA,NA,NA,NA,NA,NA,NA,NA,NA,NA,201112,"S92000003","S08000024","Type 1",9086,8305,781,9086,8305,"",781,95,6
"S319H",NA,NA,NA,NA,NA,NA,NA,NA,NA,NA,NA,NA,NA,NA,NA,NA,NA,NA,NA,NA,NA,201112,"S92000003","S08000024","Type 1",3309,3256,53,3309,3256,"",53,2,0
"R103H",NA,NA,NA,NA,NA,NA,NA,NA,NA,NA,NA,NA,NA,NA,NA,NA,NA,NA,NA,NA,NA,201112,"S92000003","S08000025","Type 3",170,168,2,170,168,"",2,0,0
"Z102H",NA,NA,NA,NA,NA,NA,NA,NA,NA,NA,NA,NA,NA,NA,NA,NA,NA,NA,NA,NA,NA,201112,"S92000003","S08000026","Type 1",643,640,3,643,640,"",3,0,0
"T101H",NA,NA,NA,NA,NA,NA,NA,NA,NA,NA,NA,NA,NA,NA,NA,NA,NA,NA,NA,NA,NA,201112,"S92000003","S08000030","Type 1",4011,3911,100,4011,3911,"",100,5,0
"T202H",NA,NA,NA,NA,NA,NA,NA,NA,NA,NA,NA,NA,NA,NA,NA,NA,NA,NA,NA,NA,NA,201112,"S92000003","S08000030","Type 1",2038,1998,40,2038,1998,"",40,2,0
"T205H",NA,NA,NA,NA,NA,NA,NA,NA,NA,NA,NA,NA,NA,NA,NA,NA,NA,NA,NA,NA,NA,201112,"S92000003","S08000030","Type 3",23,23,0,23,23,"",0,0,0
"T207H",NA,NA,NA,NA,NA,NA,NA,NA,NA,NA,NA,NA,NA,NA,NA,NA,NA,NA,NA,NA,NA,201112,"S92000003","S08000030","Type 3",11,11,0,11,11,"",0,0,0
"T209H",NA,NA,NA,NA,NA,NA,NA,NA,NA,NA,NA,NA,NA,NA,NA,NA,NA,NA,NA,NA,NA,201112,"S92000003","S08000030","Type 3",278,278,0,278,278,"",0,0,0
"T304H",NA,NA,NA,NA,NA,NA,NA,NA,NA,NA,NA,NA,NA,NA,NA,NA,NA,NA,NA,NA,NA,201112,"S92000003","S08000030","Type 3",1113,1112,1,1113,1112,"",1,0,0
"T305H",NA,NA,NA,NA,NA,NA,NA,NA,NA,NA,NA,NA,NA,NA,NA,NA,NA,NA,NA,NA,NA,201112,"S92000003","S08000030","Type 3",255,254,1,255,254,"",1,0,0
"T316H",NA,NA,NA,NA,NA,NA,NA,NA,NA,NA,NA,NA,NA,NA,NA,NA,NA,NA,NA,NA,NA,201112,"S92000003","S08000030","Type 3",242,242,0,242,242,"",0,0,0
"T319H",NA,NA,NA,NA,NA,NA,NA,NA,NA,NA,NA,NA,NA,NA,NA,NA,NA,NA,NA,NA,NA,201112,"S92000003","S08000030","Type 3",544,544,0,544,544,"",0,0,0
"T320H",NA,NA,NA,NA,NA,NA,NA,NA,NA,NA,NA,NA,NA,NA,NA,NA,NA,NA,NA,NA,NA,201112,"S92000003","S08000030","Type 3",126,126,0,126,126,"",0,0,0
"T357C",NA,NA,NA,NA,NA,NA,NA,NA,NA,NA,NA,NA,NA,NA,NA,NA,NA,NA,NA,NA,NA,201112,"S92000003","S08000030","Type 3",574,574,0,574,574,"",0,0,0
"W106H",NA,NA,NA,NA,NA,NA,NA,NA,NA,NA,NA,NA,NA,NA,NA,NA,NA,NA,NA,NA,NA,201112,"S92000003","S08000028","Type 3",38,38,0,NA,NA,"z",NA,NA,NA
"W107H",NA,NA,NA,NA,NA,NA,NA,NA,NA,NA,NA,NA,NA,NA,NA,NA,NA,NA,NA,NA,NA,201112,"S92000003","S08000028","Type 1",596,568,28,596,568,"",28,1,0
"W108H",NA,NA,NA,NA,NA,NA,NA,NA,NA,NA,NA,NA,NA,NA,NA,NA,NA,NA,NA,NA,NA,201112,"S92000003","S08000028","Type 3",74,74,0,NA,NA,"z",NA,NA,NA
